DATE,GDP,Compensation of Employees,Unemployment Rate,Population Growth,Customer Price Index Seasonally Adjusted,Customer Price Index not Seasonally Adjusted,Customer Sentiment
1913-01-01,,,,,,9.8,
1913-02-01,,,,,,9.8,
1913-03-01,,,,,,9.8,
1913-04-01,,,,,,9.8,
1913-05-01,,,,,,9.7,
1913-06-01,,,,,,9.8,
1913-07-01,,,,,,9.9,
1913-08-01,,,,,,9.9,
1913-09-01,,,,,,10.0,
1913-10-01,,,,,,10.0,
1913-11-01,,,,,,10.1,
1913-12-01,,,,,,10.0,
1914-01-01,,,,,,10.0,
1914-02-01,,,,,,9.9,
1914-03-01,,,,,,9.9,
1914-04-01,,,,,,9.8,
1914-05-01,,,,,,9.9,
1914-06-01,,,,,,9.9,
1914-07-01,,,,,,10.0,
1914-08-01,,,,,,10.2,
1914-09-01,,,,,,10.2,
1914-10-01,,,,,,10.1,
1914-11-01,,,,,,10.2,
1914-12-01,,,,,,10.1,
1915-01-01,,,,,,10.1,
1915-02-01,,,,,,10.0,
1915-03-01,,,,,,9.9,
1915-04-01,,,,,,10.0,
1915-05-01,,,,,,10.1,
1915-06-01,,,,,,10.1,
1915-07-01,,,,,,10.1,
1915-08-01,,,,,,10.1,
1915-09-01,,,,,,10.1,
1915-10-01,,,,,,10.2,
1915-11-01,,,,,,10.3,
1915-12-01,,,,,,10.3,
1916-01-01,,,,,,10.4,
1916-02-01,,,,,,10.4,
1916-03-01,,,,,,10.5,
1916-04-01,,,,,,10.6,
1916-05-01,,,,,,10.7,
1916-06-01,,,,,,10.8,
1916-07-01,,,,,,10.8,
1916-08-01,,,,,,10.9,
1916-09-01,,,,,,11.1,
1916-10-01,,,,,,11.3,
1916-11-01,,,,,,11.5,
1916-12-01,,,,,,11.6,
1917-01-01,,,,,,11.7,
1917-02-01,,,,,,12.0,
1917-03-01,,,,,,12.0,
1917-04-01,,,,,,12.6,
1917-05-01,,,,,,12.8,
1917-06-01,,,,,,13.0,
1917-07-01,,,,,,12.8,
1917-08-01,,,,,,13.0,
1917-09-01,,,,,,13.3,
1917-10-01,,,,,,13.5,
1917-11-01,,,,,,13.5,
1917-12-01,,,,,,13.7,
1918-01-01,,,,,,14.0,
1918-02-01,,,,,,14.1,
1918-03-01,,,,,,14.0,
1918-04-01,,,,,,14.2,
1918-05-01,,,,,,14.5,
1918-06-01,,,,,,14.7,
1918-07-01,,,,,,15.1,
1918-08-01,,,,,,15.4,
1918-09-01,,,,,,15.7,
1918-10-01,,,,,,16.0,
1918-11-01,,,,,,16.3,
1918-12-01,,,,,,16.5,
1919-01-01,,,,,,16.5,
1919-02-01,,,,,,16.2,
1919-03-01,,,,,,16.4,
1919-04-01,,,,,,16.7,
1919-05-01,,,,,,16.9,
1919-06-01,,,,,,16.9,
1919-07-01,,,,,,17.4,
1919-08-01,,,,,,17.7,
1919-09-01,,,,,,17.8,
1919-10-01,,,,,,18.1,
1919-11-01,,,,,,18.5,
1919-12-01,,,,,,18.9,
1920-01-01,,,,,,19.3,
1920-02-01,,,,,,19.5,
1920-03-01,,,,,,19.7,
1920-04-01,,,,,,20.3,
1920-05-01,,,,,,20.6,
1920-06-01,,,,,,20.9,
1920-07-01,,,,,,20.8,
1920-08-01,,,,,,20.3,
1920-09-01,,,,,,20.0,
1920-10-01,,,,,,19.9,
1920-11-01,,,,,,19.8,
1920-12-01,,,,,,19.4,
1921-01-01,,,,,,19.0,
1921-02-01,,,,,,18.4,
1921-03-01,,,,,,18.3,
1921-04-01,,,,,,18.1,
1921-05-01,,,,,,17.7,
1921-06-01,,,,,,17.6,
1921-07-01,,,,,,17.7,
1921-08-01,,,,,,17.7,
1921-09-01,,,,,,17.5,
1921-10-01,,,,,,17.5,
1921-11-01,,,,,,17.4,
1921-12-01,,,,,,17.3,
1922-01-01,,,,,,16.9,
1922-02-01,,,,,,16.9,
1922-03-01,,,,,,16.7,
1922-04-01,,,,,,16.7,
1922-05-01,,,,,,16.7,
1922-06-01,,,,,,16.7,
1922-07-01,,,,,,16.8,
1922-08-01,,,,,,16.6,
1922-09-01,,,,,,16.6,
1922-10-01,,,,,,16.7,
1922-11-01,,,,,,16.8,
1922-12-01,,,,,,16.9,
1923-01-01,,,,,,16.8,
1923-02-01,,,,,,16.8,
1923-03-01,,,,,,16.8,
1923-04-01,,,,,,16.9,
1923-05-01,,,,,,16.9,
1923-06-01,,,,,,17.0,
1923-07-01,,,,,,17.2,
1923-08-01,,,,,,17.1,
1923-09-01,,,,,,17.2,
1923-10-01,,,,,,17.3,
1923-11-01,,,,,,17.3,
1923-12-01,,,,,,17.3,
1924-01-01,,,,,,17.3,
1924-02-01,,,,,,17.2,
1924-03-01,,,,,,17.1,
1924-04-01,,,,,,17.0,
1924-05-01,,,,,,17.0,
1924-06-01,,,,,,17.0,
1924-07-01,,,,,,17.1,
1924-08-01,,,,,,17.0,
1924-09-01,,,,,,17.1,
1924-10-01,,,,,,17.2,
1924-11-01,,,,,,17.2,
1924-12-01,,,,,,17.3,
1925-01-01,,,,,,17.3,
1925-02-01,,,,,,17.2,
1925-03-01,,,,,,17.3,
1925-04-01,,,,,,17.2,
1925-05-01,,,,,,17.3,
1925-06-01,,,,,,17.5,
1925-07-01,,,,,,17.7,
1925-08-01,,,,,,17.7,
1925-09-01,,,,,,17.7,
1925-10-01,,,,,,17.7,
1925-11-01,,,,,,18.0,
1925-12-01,,,,,,17.9,
1926-01-01,,,,,,17.9,
1926-02-01,,,,,,17.9,
1926-03-01,,,,,,17.8,
1926-04-01,,,,,,17.9,
1926-05-01,,,,,,17.8,
1926-06-01,,,,,,17.7,
1926-07-01,,,,,,17.5,
1926-08-01,,,,,,17.4,
1926-09-01,,,,,,17.5,
1926-10-01,,,,,,17.6,
1926-11-01,,,,,,17.7,
1926-12-01,,,,,,17.7,
1927-01-01,,,,,,17.5,
1927-02-01,,,,,,17.4,
1927-03-01,,,,,,17.3,
1927-04-01,,,,,,17.3,
1927-05-01,,,,,,17.4,
1927-06-01,,,,,,17.6,
1927-07-01,,,,,,17.3,
1927-08-01,,,,,,17.2,
1927-09-01,,,,,,17.3,
1927-10-01,,,,,,17.4,
1927-11-01,,,,,,17.3,
1927-12-01,,,,,,17.3,
1928-01-01,,,,,,17.3,
1928-02-01,,,,,,17.1,
1928-03-01,,,,,,17.1,
1928-04-01,,,,,,17.1,
1928-05-01,,,,,,17.2,
1928-06-01,,,,,,17.1,
1928-07-01,,,,,,17.1,
1928-08-01,,,,,,17.1,
1928-09-01,,,,,,17.3,
1928-10-01,,,,,,17.2,
1928-11-01,,,,,,17.2,
1928-12-01,,,,,,17.1,
1929-01-01,,,,,,17.1,
1929-02-01,,,,,,17.1,
1929-03-01,,,,,,17.0,
1929-04-01,,,,,,16.9,
1929-05-01,,,,,,17.0,
1929-06-01,,,,,,17.1,
1929-07-01,,,,,,17.3,
1929-08-01,,,,,,17.3,
1929-09-01,,,,,,17.3,
1929-10-01,,,,,,17.3,
1929-11-01,,,,,,17.3,
1929-12-01,,,,,,17.2,
1930-01-01,,,,,,17.1,
1930-02-01,,,,,,17.0,
1930-03-01,,,,,,16.9,
1930-04-01,,,,,,17.0,
1930-05-01,,,,,,16.9,
1930-06-01,,,,,,16.8,
1930-07-01,,,,,,16.6,
1930-08-01,,,,,,16.5,
1930-09-01,,,,,,16.6,
1930-10-01,,,,,,16.5,
1930-11-01,,,,,,16.4,
1930-12-01,,,,,,16.1,
1931-01-01,,,,,,15.9,
1931-02-01,,,,,,15.7,
1931-03-01,,,,,,15.6,
1931-04-01,,,,,,15.5,
1931-05-01,,,,,,15.3,
1931-06-01,,,,,,15.1,
1931-07-01,,,,,,15.1,
1931-08-01,,,,,,15.1,
1931-09-01,,,,,,15.0,
1931-10-01,,,,,,14.9,
1931-11-01,,,,,,14.7,
1931-12-01,,,,,,14.6,
1932-01-01,,,,,,14.3,
1932-02-01,,,,,,14.1,
1932-03-01,,,,,,14.0,
1932-04-01,,,,,,13.9,
1932-05-01,,,,,,13.7,
1932-06-01,,,,,,13.6,
1932-07-01,,,,,,13.6,
1932-08-01,,,,,,13.5,
1932-09-01,,,,,,13.4,
1932-10-01,,,,,,13.3,
1932-11-01,,,,,,13.2,
1932-12-01,,,,,,13.1,
1933-01-01,,,,,,12.9,
1933-02-01,,,,,,12.7,
1933-03-01,,,,,,12.6,
1933-04-01,,,,,,12.6,
1933-05-01,,,,,,12.6,
1933-06-01,,,,,,12.7,
1933-07-01,,,,,,13.1,
1933-08-01,,,,,,13.2,
1933-09-01,,,,,,13.2,
1933-10-01,,,,,,13.2,
1933-11-01,,,,,,13.2,
1933-12-01,,,,,,13.2,
1934-01-01,,,,,,13.2,
1934-02-01,,,,,,13.3,
1934-03-01,,,,,,13.3,
1934-04-01,,,,,,13.3,
1934-05-01,,,,,,13.3,
1934-06-01,,,,,,13.4,
1934-07-01,,,,,,13.4,
1934-08-01,,,,,,13.4,
1934-09-01,,,,,,13.6,
1934-10-01,,,,,,13.5,
1934-11-01,,,,,,13.5,
1934-12-01,,,,,,13.4,
1935-01-01,,,,,,13.6,
1935-02-01,,,,,,13.7,
1935-03-01,,,,,,13.7,
1935-04-01,,,,,,13.8,
1935-05-01,,,,,,13.8,
1935-06-01,,,,,,13.7,
1935-07-01,,,,,,13.7,
1935-08-01,,,,,,13.7,
1935-09-01,,,,,,13.7,
1935-10-01,,,,,,13.7,
1935-11-01,,,,,,13.8,
1935-12-01,,,,,,13.8,
1936-01-01,,,,,,13.8,
1936-02-01,,,,,,13.8,
1936-03-01,,,,,,13.7,
1936-04-01,,,,,,13.7,
1936-05-01,,,,,,13.7,
1936-06-01,,,,,,13.8,
1936-07-01,,,,,,13.9,
1936-08-01,,,,,,14.0,
1936-09-01,,,,,,14.0,
1936-10-01,,,,,,14.0,
1936-11-01,,,,,,14.0,
1936-12-01,,,,,,14.0,
1937-01-01,,,,,,14.1,
1937-02-01,,,,,,14.1,
1937-03-01,,,,,,14.2,
1937-04-01,,,,,,14.3,
1937-05-01,,,,,,14.4,
1937-06-01,,,,,,14.4,
1937-07-01,,,,,,14.5,
1937-08-01,,,,,,14.5,
1937-09-01,,,,,,14.6,
1937-10-01,,,,,,14.6,
1937-11-01,,,,,,14.5,
1937-12-01,,,,,,14.4,
1938-01-01,,,,,,14.2,
1938-02-01,,,,,,14.1,
1938-03-01,,,,,,14.1,
1938-04-01,,,,,,14.2,
1938-05-01,,,,,,14.1,
1938-06-01,,,,,,14.1,
1938-07-01,,,,,,14.1,
1938-08-01,,,,,,14.1,
1938-09-01,,,,,,14.1,
1938-10-01,,,,,,14.0,
1938-11-01,,,,,,14.0,
1938-12-01,,,,,,14.0,
1939-01-01,,,,,,14.0,
1939-02-01,,,,,,13.9,
1939-03-01,,,,,,13.9,
1939-04-01,,,,,,13.8,
1939-05-01,,,,,,13.8,
1939-06-01,,,,,,13.8,
1939-07-01,,,,,,13.8,
1939-08-01,,,,,,13.8,
1939-09-01,,,,,,14.1,
1939-10-01,,,,,,14.0,
1939-11-01,,,,,,14.0,
1939-12-01,,,,,,14.0,
1940-01-01,,,,,,13.9,
1940-02-01,,,,,,14.0,
1940-03-01,,,,,,14.0,
1940-04-01,,,,,,14.0,
1940-05-01,,,,,,14.0,
1940-06-01,,,,,,14.1,
1940-07-01,,,,,,14.0,
1940-08-01,,,,,,14.0,
1940-09-01,,,,,,14.0,
1940-10-01,,,,,,14.0,
1940-11-01,,,,,,14.0,
1940-12-01,,,,,,14.1,
1941-01-01,,,,,,14.1,
1941-02-01,,,,,,14.1,
1941-03-01,,,,,,14.2,
1941-04-01,,,,,,14.3,
1941-05-01,,,,,,14.4,
1941-06-01,,,,,,14.7,
1941-07-01,,,,,,14.7,
1941-08-01,,,,,,14.9,
1941-09-01,,,,,,15.1,
1941-10-01,,,,,,15.3,
1941-11-01,,,,,,15.4,
1941-12-01,,,,,,15.5,
1942-01-01,,,,,,15.7,
1942-02-01,,,,,,15.8,
1942-03-01,,,,,,16.0,
1942-04-01,,,,,,16.1,
1942-05-01,,,,,,16.3,
1942-06-01,,,,,,16.3,
1942-07-01,,,,,,16.4,
1942-08-01,,,,,,16.5,
1942-09-01,,,,,,16.5,
1942-10-01,,,,,,16.7,
1942-11-01,,,,,,16.8,
1942-12-01,,,,,,16.9,
1943-01-01,,,,,,16.9,
1943-02-01,,,,,,16.9,
1943-03-01,,,,,,17.2,
1943-04-01,,,,,,17.4,
1943-05-01,,,,,,17.5,
1943-06-01,,,,,,17.5,
1943-07-01,,,,,,17.4,
1943-08-01,,,,,,17.3,
1943-09-01,,,,,,17.4,
1943-10-01,,,,,,17.4,
1943-11-01,,,,,,17.4,
1943-12-01,,,,,,17.4,
1944-01-01,,,,,,17.4,
1944-02-01,,,,,,17.4,
1944-03-01,,,,,,17.4,
1944-04-01,,,,,,17.5,
1944-05-01,,,,,,17.5,
1944-06-01,,,,,,17.6,
1944-07-01,,,,,,17.7,
1944-08-01,,,,,,17.7,
1944-09-01,,,,,,17.7,
1944-10-01,,,,,,17.7,
1944-11-01,,,,,,17.7,
1944-12-01,,,,,,17.8,
1945-01-01,,,,,,17.8,
1945-02-01,,,,,,17.8,
1945-03-01,,,,,,17.8,
1945-04-01,,,,,,17.8,
1945-05-01,,,,,,17.9,
1945-06-01,,,,,,18.1,
1945-07-01,,,,,,18.1,
1945-08-01,,,,,,18.1,
1945-09-01,,,,,,18.1,
1945-10-01,,,,,,18.1,
1945-11-01,,,,,,18.1,
1945-12-01,,,,,,18.2,
1946-01-01,,,,,,18.2,
1946-02-01,,,,,,18.1,
1946-03-01,,,,,,18.3,
1946-04-01,,,,,,18.4,
1946-05-01,,,,,,18.5,
1946-06-01,,,,,,18.7,
1946-07-01,,,,,,19.8,
1946-08-01,,,,,,20.2,
1946-09-01,,,,,,20.4,
1946-10-01,,,,,,20.8,
1946-11-01,,,,,,21.3,
1946-12-01,,,,,,21.5,
1947-01-01,,,,,21.48,21.5,
1947-02-01,,,,,21.62,21.5,
1947-03-01,,,,,22.0,21.9,
1947-04-01,,,,,22.0,21.9,
1947-05-01,,,,,21.95,21.9,
1947-06-01,,,,,22.08,22.0,
1947-07-01,,,,,22.23,22.2,
1947-08-01,,,,,22.4,22.5,
1947-09-01,,,,,22.84,23.0,
1947-10-01,,,,,22.91,23.0,
1947-11-01,,,,,23.06,23.1,
1947-12-01,,,,,23.41,23.4,
1948-01-01,,,3.4,,23.68,23.7,
1948-02-01,,,3.8,,23.67,23.5,
1948-03-01,,,4.0,,23.5,23.4,
1948-04-01,,,3.9,,23.82,23.8,
1948-05-01,,,3.5,,24.01,23.9,
1948-06-01,,,3.6,,24.15,24.1,
1948-07-01,,,3.6,,24.4,24.4,
1948-08-01,,,3.9,,24.43,24.5,
1948-09-01,,,3.8,,24.36,24.5,
1948-10-01,,,3.7,,24.31,24.4,
1948-11-01,,,3.8,,24.16,24.2,
1948-12-01,,,4.0,,24.05,24.1,
1949-01-01,,,4.3,,24.01,24.0,
1949-02-01,,,4.7,,23.91,23.8,
1949-03-01,,,5.0,,23.91,23.8,
1949-04-01,,,5.3,,23.92,23.9,
1949-05-01,,,6.1,,23.91,23.8,
1949-06-01,,,6.2,,23.92,23.9,
1949-07-01,,,6.7,,23.7,23.7,
1949-08-01,,,6.8,,23.7,23.8,
1949-09-01,,,6.6,,23.75,23.9,
1949-10-01,,,7.9,,23.67,23.7,
1949-11-01,,,6.4,,23.7,23.8,
1949-12-01,,,6.6,,23.61,23.6,
1950-01-01,,,6.5,,23.51,23.5,
1950-02-01,,,6.4,,23.61,23.5,
1950-03-01,,,6.3,,23.64,23.6,
1950-04-01,,,5.8,,23.65,23.6,
1950-05-01,,,5.5,,23.77,23.7,
1950-06-01,,,5.4,,23.88,23.8,
1950-07-01,,,5.0,,24.07,24.1,
1950-08-01,,,4.5,,24.2,24.3,
1950-09-01,,,4.4,,24.34,24.4,
1950-10-01,,,4.2,,24.5,24.6,
1950-11-01,,,4.2,,24.6,24.7,
1950-12-01,,,4.3,,24.98,25.0,
1951-01-01,,,3.7,,25.38,25.4,
1951-02-01,,,3.4,,25.83,25.7,
1951-03-01,,,3.4,,25.88,25.8,
1951-04-01,,,3.1,,25.92,25.8,
1951-05-01,,,3.0,,25.99,25.9,
1951-06-01,,,3.2,,25.93,25.9,
1951-07-01,,,3.1,,25.91,25.9,
1951-08-01,,,3.1,,25.86,25.9,
1951-09-01,,,3.3,,26.03,26.1,
1951-10-01,,,3.5,,26.16,26.2,
1951-11-01,,,3.5,,26.32,26.4,
1951-12-01,,,3.1,,26.47,26.5,
1952-01-01,,,3.2,,26.45,26.5,
1952-02-01,,,3.1,,26.41,26.3,
1952-03-01,,,2.9,,26.39,26.3,
1952-04-01,,,2.9,,26.46,26.4,
1952-05-01,,,3.0,,26.47,26.4,
1952-06-01,,,3.0,,26.53,26.5,
1952-07-01,,,3.2,,26.68,26.7,
1952-08-01,,,3.4,,26.69,26.7,
1952-09-01,,,3.1,,26.63,26.7,
1952-10-01,,,3.0,,26.69,26.7,
1952-11-01,,,2.8,,26.69,26.7,86.2
1952-12-01,,,2.7,,26.71,26.7,
1953-01-01,,,2.9,,26.64,26.6,
1953-02-01,,,2.6,,26.59,26.5,90.7
1953-03-01,,,2.6,,26.63,26.6,
1953-04-01,,,2.7,,26.69,26.6,
1953-05-01,,,2.5,,26.7,26.7,
1953-06-01,,,2.5,,26.77,26.8,
1953-07-01,,,2.6,,26.79,26.8,
1953-08-01,,,2.7,,26.85,26.9,80.8
1953-09-01,,,2.9,,26.89,26.9,
1953-10-01,,,3.1,,26.95,27.0,
1953-11-01,,,3.5,,26.85,26.9,80.7
1953-12-01,,,4.5,,26.87,26.9,
1954-01-01,,,4.9,,26.94,26.9,
1954-02-01,,,5.2,,26.99,26.9,82.0
1954-03-01,,,5.7,,26.93,26.9,
1954-04-01,,,5.9,,26.86,26.8,
1954-05-01,,,5.9,,26.93,26.9,82.9
1954-06-01,,,5.6,,26.94,26.9,
1954-07-01,,,5.8,,26.86,26.9,
1954-08-01,,,6.0,,26.85,26.9,
1954-09-01,,,6.1,,26.81,26.8,
1954-10-01,,,5.7,,26.72,26.8,
1954-11-01,,,5.3,,26.78,26.8,87.0
1954-12-01,,,5.0,,26.77,26.7,
1955-01-01,,,4.9,,26.77,26.7,
1955-02-01,,,4.7,,26.82,26.7,95.9
1955-03-01,,,4.6,,26.79,26.7,
1955-04-01,,,4.7,,26.79,26.7,
1955-05-01,,,4.3,,26.77,26.7,99.1
1955-06-01,,,4.2,,26.71,26.7,
1955-07-01,,,4.0,,26.76,26.8,
1955-08-01,,,4.2,,26.72,26.8,
1955-09-01,,,4.1,,26.85,26.9,
1955-10-01,,,4.3,,26.82,26.9,
1955-11-01,,,4.2,,26.88,26.9,99.7
1955-12-01,,,4.2,,26.87,26.8,
1956-01-01,,,4.0,,26.83,26.8,
1956-02-01,,,3.9,,26.86,26.8,
1956-03-01,,,4.2,,26.89,26.8,
1956-04-01,,,4.0,,26.93,26.9,
1956-05-01,,,4.3,,27.03,27.0,98.2
1956-06-01,,,4.3,,27.15,27.2,
1956-07-01,,,4.4,,27.29,27.4,
1956-08-01,,,4.1,,27.31,27.3,99.9
1956-09-01,,,3.9,,27.35,27.4,
1956-10-01,,,3.9,,27.51,27.5,
1956-11-01,,,4.3,,27.51,27.5,100.2
1956-12-01,,,4.2,,27.63,27.6,
1957-01-01,,,4.2,,27.67,27.6,
1957-02-01,,,3.9,,27.8,27.7,
1957-03-01,,,3.7,,27.86,27.8,
1957-04-01,,,3.9,,27.93,27.9,
1957-05-01,,,4.1,,28.0,28.0,92.9
1957-06-01,,,4.3,,28.11,28.1,
1957-07-01,,,4.2,,28.19,28.3,
1957-08-01,,,4.1,,28.28,28.3,
1957-09-01,,,4.4,,28.32,28.3,
1957-10-01,,,4.5,,28.32,28.3,
1957-11-01,,,5.1,,28.41,28.4,83.7
1957-12-01,,,5.2,,28.47,28.4,
1958-01-01,,,5.8,,28.64,28.6,
1958-02-01,,,6.4,,28.7,28.6,78.5
1958-03-01,,,6.7,,28.87,28.8,
1958-04-01,,,7.4,,28.94,28.9,
1958-05-01,,,7.4,,28.94,28.9,80.9
1958-06-01,,,7.3,,28.91,28.9,
1958-07-01,,,7.5,,28.89,29.0,
1958-08-01,,,7.4,,28.94,28.9,
1958-09-01,,,7.1,,28.91,28.9,
1958-10-01,,,6.7,,28.91,28.9,
1958-11-01,,,6.2,,28.95,29.0,90.8
1958-12-01,,,6.2,,28.97,28.9,
1959-01-01,,252.3,6.0,,29.01,29.0,
1959-02-01,,253.6,5.9,,29.0,28.9,
1959-03-01,,256.1,5.6,,28.97,28.9,
1959-04-01,,258.6,5.2,,28.98,29.0,
1959-05-01,,260.8,5.1,,29.04,29.0,95.3
1959-06-01,,262.3,5.0,,29.11,29.1,
1959-07-01,,262.1,5.1,,29.15,29.2,
1959-08-01,,260.2,5.2,,29.18,29.2,
1959-09-01,,260.4,5.5,,29.25,29.3,
1959-10-01,,261.1,5.7,,29.35,29.4,
1959-11-01,,263.2,5.8,,29.35,29.4,93.8
1959-12-01,,267.4,5.3,,29.41,29.4,
1960-01-01,,270.1,5.2,,29.37,29.3,
1960-02-01,,270.8,4.8,,29.41,29.4,100.0
1960-03-01,,271.3,5.4,,29.41,29.4,
1960-04-01,,273.0,5.2,,29.54,29.5,
1960-05-01,,273.7,5.1,,29.57,29.5,93.3
1960-06-01,,273.5,5.4,,29.61,29.6,
1960-07-01,,274.4,5.5,,29.55,29.6,
1960-08-01,,273.8,5.6,,29.61,29.6,97.2
1960-09-01,,273.8,5.5,,29.61,29.6,
1960-10-01,,274.9,6.1,,29.75,29.8,
1960-11-01,,273.7,6.1,,29.78,29.8,90.1
1960-12-01,,271.4,6.6,,29.81,29.8,
1961-01-01,,273.4,6.6,1.6577300373895298,29.84,29.8,
1961-02-01,,273.4,6.9,,29.84,29.8,91.6
1961-03-01,,274.5,6.9,,29.84,29.8,
1961-04-01,,275.5,7.0,,29.81,29.8,
1961-05-01,,277.4,7.1,,29.84,29.8,92.5
1961-06-01,,279.9,6.9,,29.84,29.8,
1961-07-01,,281.2,7.0,,29.92,30.0,
1961-08-01,,282.6,6.6,,29.94,29.9,99.2
1961-09-01,,283.0,6.7,,29.98,30.0,
1961-10-01,,285.8,6.5,,29.98,30.0,
1961-11-01,,288.9,6.1,,29.98,30.0,93.0
1961-12-01,,290.5,6.0,,30.01,30.0,
1962-01-01,,290.8,5.8,1.53799735825387,30.04,30.0,
1962-02-01,,293.1,5.5,,30.11,30.1,99.9
1962-03-01,,295.9,5.6,,30.17,30.1,
1962-04-01,,298.2,5.6,,30.21,30.2,
1962-05-01,,298.7,5.5,,30.24,30.2,95.4
1962-06-01,,299.3,5.5,,30.21,30.2,
1962-07-01,,300.3,5.4,,30.22,30.3,
1962-08-01,,300.6,5.7,,30.28,30.3,91.6
1962-09-01,,302.6,5.6,,30.42,30.4,
1962-10-01,,302.8,5.4,,30.38,30.4,
1962-11-01,,304.5,5.7,,30.38,30.4,95.0
1962-12-01,,305.5,5.5,,30.38,30.4,
1963-01-01,,306.4,5.7,1.43916476170683,30.44,30.4,
1963-02-01,,307.9,5.9,,30.48,30.4,98.4
1963-03-01,,309.6,5.7,,30.51,30.5,
1963-04-01,,310.1,5.7,,30.48,30.5,
1963-05-01,,312.2,5.9,,30.51,30.5,91.7
1963-06-01,,314.8,5.6,,30.61,30.6,
1963-07-01,,315.1,5.6,,30.69,30.7,
1963-08-01,,316.7,5.4,,30.75,30.7,96.4
1963-09-01,,318.8,5.5,,30.72,30.7,
1963-10-01,,320.8,5.5,,30.75,30.8,
1963-11-01,,321.6,5.7,,30.78,30.8,94.4
1963-12-01,,324.3,5.5,,30.88,30.9,
1964-01-01,,324.9,5.6,1.3890460551836898,30.94,30.9,
1964-02-01,,329.0,5.4,,30.91,30.9,99.5
1964-03-01,,330.7,5.4,,30.94,30.9,
1964-04-01,,332.9,5.3,,30.95,30.9,
1964-05-01,,334.9,5.1,,30.98,30.9,98.5
1964-06-01,,336.7,5.2,,31.01,31.0,
1964-07-01,,339.1,4.9,,31.02,31.1,
1964-08-01,,341.7,5.0,,31.05,31.0,100.6
1964-09-01,,343.4,5.1,,31.08,31.1,
1964-10-01,,343.3,5.1,,31.12,31.1,
1964-11-01,,346.5,4.8,,31.21,31.2,99.9
1964-12-01,,350.3,5.0,,31.25,31.2,
1965-01-01,,350.9,4.9,1.25017164562845,31.28,31.2,
1965-02-01,,352.8,5.1,,31.28,31.2,102.0
1965-03-01,,354.7,4.7,,31.31,31.3,
1965-04-01,,356.2,4.8,,31.38,31.4,
1965-05-01,,359.5,4.6,,31.48,31.4,105.4
1965-06-01,,361.0,4.6,,31.61,31.6,
1965-07-01,,363.7,4.4,,31.58,31.6,
1965-08-01,,366.1,4.4,,31.55,31.6,103.4
1965-09-01,,368.8,4.3,,31.62,31.6,
1965-10-01,,373.9,4.2,,31.65,31.7,
1965-11-01,,377.1,4.1,,31.75,31.7,102.9
1965-12-01,,380.3,4.0,,31.85,31.8,
1966-01-01,,382.1,4.0,1.1548931907552,31.88,31.8,
1966-02-01,,386.0,3.8,,32.08,32.0,100.0
1966-03-01,,389.2,3.8,,32.18,32.1,
1966-04-01,,392.7,3.8,,32.28,32.3,
1966-05-01,,395.5,3.9,,32.35,32.3,95.7
1966-06-01,,399.5,3.8,,32.38,32.4,
1966-07-01,,403.4,3.8,,32.45,32.5,
1966-08-01,,406.4,3.8,,32.65,32.7,91.2
1966-09-01,,408.7,3.7,,32.75,32.7,
1966-10-01,,411.7,3.7,,32.85,32.9,
1966-11-01,,413.7,3.6,,32.88,32.9,88.3
1966-12-01,,415.1,3.8,,32.92,32.9,
1967-01-01,,418.2,3.9,1.08888120728762,32.9,32.9,
1967-02-01,,418.3,3.8,,33.0,32.9,94.1
1967-03-01,,420.1,3.8,,33.0,33.0,
1967-04-01,,421.8,3.8,,33.1,33.1,
1967-05-01,,422.7,3.8,,33.1,33.2,95.9
1967-06-01,,426.3,3.9,,33.3,33.3,
1967-07-01,,429.1,3.8,,33.4,33.4,
1967-08-01,,432.5,3.8,,33.5,33.5,97.0
1967-09-01,,434.4,3.8,,33.6,33.6,
1967-10-01,,436.6,4.0,,33.7,33.7,
1967-11-01,,442.0,3.9,,33.9,33.8,92.9
1967-12-01,,446.1,3.8,,34.0,33.9,
1968-01-01,,448.9,3.7,0.998461043585335,34.1,34.1,
1968-02-01,,455.2,3.8,,34.2,34.2,97.2
1968-03-01,,458.6,3.7,,34.3,34.3,
1968-04-01,,461.4,3.5,,34.4,34.4,
1968-05-01,,466.2,3.5,,34.5,34.5,92.4
1968-06-01,,470.1,3.7,,34.7,34.7,
1968-07-01,,474.5,3.7,,34.9,34.9,
1968-08-01,,478.1,3.5,,35.0,35.0,92.4
1968-09-01,,482.4,3.4,,35.1,35.1,
1968-10-01,,485.6,3.4,,35.3,35.3,
1968-11-01,,489.9,3.4,,35.4,35.4,91.7
1968-12-01,,492.8,3.4,,35.6,35.5,
1969-01-01,,495.3,3.4,0.9772428118724692,35.7,35.6,
1969-02-01,,498.2,3.4,,35.8,35.8,98.2
1969-03-01,,503.7,3.4,,36.1,36.1,
1969-04-01,,507.0,3.4,,36.3,36.3,
1969-05-01,,511.3,3.4,,36.4,36.4,91.5
1969-06-01,,515.9,3.5,,36.6,36.6,
1969-07-01,,522.0,3.5,,36.8,36.8,
1969-08-01,,526.8,3.5,,36.9,37.0,86.4
1969-09-01,,530.5,3.7,,37.1,37.1,
1969-10-01,,533.4,3.7,,37.3,37.3,
1969-11-01,,536.4,3.5,,37.5,37.5,79.7
1969-12-01,,539.6,3.5,,37.7,37.7,
1970-01-01,,542.0,3.9,1.1650026668728601,37.9,37.8,
1970-02-01,,544.8,4.2,,38.1,38.0,78.1
1970-03-01,,548.5,4.4,,38.3,38.2,
1970-04-01,,546.7,4.6,,38.5,38.5,
1970-05-01,,548.7,4.8,,38.6,38.6,75.4
1970-06-01,,551.8,4.9,,38.8,38.8,
1970-07-01,,554.9,5.0,,38.9,39.0,
1970-08-01,,556.6,5.1,,39.0,39.0,77.6
1970-09-01,,555.7,5.4,,39.2,39.2,
1970-10-01,,554.0,5.5,,39.4,39.4,
1970-11-01,,555.1,5.9,,39.6,39.6,72.4
1970-12-01,,560.0,6.1,,39.8,39.8,
1971-01-01,,567.7,5.9,1.26433369185094,39.9,39.8,
1971-02-01,,570.4,5.9,,39.9,39.9,78.1
1971-03-01,,573.4,6.0,,40.0,40.0,
1971-04-01,,576.4,5.9,,40.1,40.1,
1971-05-01,,581.5,5.9,,40.3,40.3,80.2
1971-06-01,,583.5,5.9,,40.5,40.6,
1971-07-01,,585.1,6.0,,40.6,40.7,
1971-08-01,,589.1,6.1,,40.7,40.8,82.1
1971-09-01,,592.2,6.0,,40.8,40.8,
1971-10-01,,593.8,5.8,,40.9,40.9,
1971-11-01,,596.5,6.0,,41.0,40.9,82.0
1971-12-01,,605.0,6.0,,41.1,41.1,
1972-01-01,,612.0,5.8,1.07052275237269,41.2,41.1,
1972-02-01,,619.4,5.7,,41.4,41.3,92.8
1972-03-01,,624.0,5.8,,41.4,41.4,
1972-04-01,,627.0,5.7,,41.5,41.5,
1972-05-01,,630.0,5.7,,41.6,41.6,88.6
1972-06-01,,634.1,5.7,,41.7,41.7,
1972-07-01,,636.0,5.6,,41.8,41.9,
1972-08-01,,642.5,5.6,,41.9,42.0,95.2
1972-09-01,,648.4,5.5,,42.1,42.1,
1972-10-01,,658.1,5.6,,42.2,42.3,
1972-11-01,,663.5,5.3,,42.4,42.4,90.7
1972-12-01,,670.2,5.2,,42.5,42.5,
1973-01-01,,676.1,4.9,0.954476728552297,42.7,42.6,
1973-02-01,,684.3,5.0,,43.0,42.9,81.9
1973-03-01,,689.6,4.9,,43.4,43.3,
1973-04-01,,695.1,5.0,,43.7,43.6,
1973-05-01,,699.8,4.9,,43.9,43.9,77.0
1973-06-01,,705.6,4.9,,44.2,44.2,
1973-07-01,,711.7,4.8,,44.2,44.3,
1973-08-01,,715.1,4.8,,45.0,45.1,72.0
1973-09-01,,721.8,4.8,,45.2,45.2,
1973-10-01,,728.5,4.6,,45.6,45.6,
1973-11-01,,736.6,4.8,,45.9,45.9,76.5
1973-12-01,,740.9,4.9,,46.3,46.2,
1974-01-01,,743.8,5.1,0.9136601960677141,46.8,46.6,
1974-02-01,,748.5,5.2,,47.3,47.2,61.8
1974-03-01,,752.2,5.1,,47.8,47.8,
1974-04-01,,756.7,5.1,,48.1,48.0,
1974-05-01,,766.1,5.1,,48.6,48.6,72.1
1974-06-01,,773.1,5.4,,49.0,49.0,
1974-07-01,,776.9,5.5,,49.3,49.4,
1974-08-01,,783.0,5.5,,49.9,50.0,64.4
1974-09-01,,789.4,5.9,,50.6,50.6,
1974-10-01,,795.5,6.0,,51.0,51.1,
1974-11-01,,790.7,6.6,,51.5,51.5,59.5
1974-12-01,,791.4,7.2,,51.9,51.9,
1975-01-01,,792.5,8.1,0.985986067347125,52.3,52.1,
1975-02-01,,790.3,8.1,,52.6,52.5,57.6
1975-03-01,,792.9,8.6,,52.8,52.7,
1975-04-01,,793.3,8.8,,53.0,52.9,
1975-05-01,,800.8,9.0,,53.1,53.2,72.8
1975-06-01,,806.9,8.8,,53.5,53.6,
1975-07-01,,811.2,8.6,,54.0,54.2,
1975-08-01,,823.6,8.4,,54.2,54.3,75.7
1975-09-01,,829.1,8.4,,54.6,54.6,
1975-10-01,,837.9,8.4,,54.9,54.9,
1975-11-01,,846.2,8.3,,55.3,55.3,75.6
1975-12-01,,853.2,8.2,,55.6,55.5,
1976-01-01,,865.1,7.9,0.950220048994522,55.8,55.6,
1976-02-01,,872.0,7.7,,55.9,55.8,84.6
1976-03-01,,876.6,7.6,,56.0,55.9,
1976-04-01,,883.5,7.7,,56.1,56.1,
1976-05-01,,890.9,7.4,,56.4,56.5,83.3
1976-06-01,,893.8,7.6,,56.7,56.8,
1976-07-01,,900.6,7.8,,57.0,57.1,
1976-08-01,,909.6,7.8,,57.3,57.4,89.7
1976-09-01,,915.1,7.6,,57.6,57.6,
1976-10-01,,920.5,7.7,,57.9,57.9,
1976-11-01,,931.0,7.8,,58.1,58.0,87.0
1976-12-01,,938.4,7.8,,58.4,58.2,
1977-01-01,,939.3,7.5,1.0057719961813398,58.7,58.5,
1977-02-01,,950.8,7.6,,59.3,59.1,87.1
1977-03-01,,960.1,7.4,,59.6,59.5,
1977-04-01,,969.8,7.2,,60.0,60.0,
1977-05-01,,981.7,7.0,,60.2,60.3,90.2
1977-06-01,,991.2,7.2,,60.5,60.7,
1977-07-01,,999.7,6.9,,60.8,61.0,
1977-08-01,,1005.6,7.0,,61.1,61.2,89.0
1977-09-01,,1017.2,6.8,,61.3,61.4,
1977-10-01,,1030.7,6.8,,61.6,61.6,
1977-11-01,,1038.5,6.8,,62.0,61.9,84.4
1977-12-01,,1045.3,6.4,,62.3,62.1,
1978-01-01,,1051.4,6.4,1.0595730803427,62.7,62.5,83.7
1978-02-01,,1062.2,6.3,,63.0,62.9,84.3
1978-03-01,,1077.9,6.3,,63.4,63.4,78.8
1978-04-01,,1096.3,6.1,,63.9,63.9,81.6
1978-05-01,,1103.9,6.0,,64.5,64.5,82.9
1978-06-01,,1118.0,5.9,,65.0,65.2,80.0
1978-07-01,,1128.6,6.2,,65.5,65.7,82.4
1978-08-01,,1137.0,5.9,,65.9,66.0,78.4
1978-09-01,,1148.4,6.0,,66.5,66.5,80.4
1978-10-01,,1163.7,5.8,,67.1,67.1,79.3
1978-11-01,,1173.7,5.9,,67.5,67.4,75.0
1978-12-01,,1185.8,6.0,,67.9,67.7,66.1
1979-01-01,,1196.3,5.9,1.1035765650989902,68.5,68.3,72.1
1979-02-01,,1207.5,5.9,,69.2,69.1,73.9
1979-03-01,,1222.0,5.8,,69.9,69.8,68.4
1979-04-01,,1222.4,5.8,,70.6,70.6,66.0
1979-05-01,,1233.2,5.6,,71.4,71.5,68.1
1979-06-01,,1247.5,5.7,,72.2,72.3,65.8
1979-07-01,,1259.5,5.7,,73.0,73.1,60.4
1979-08-01,,1268.4,6.0,,73.7,73.8,64.5
1979-09-01,,1280.3,5.9,,74.4,74.6,66.7
1979-10-01,,1288.3,6.0,,75.2,75.2,62.1
1979-11-01,,1300.5,5.9,,76.0,75.9,63.3
1979-12-01,,1313.9,6.0,,76.9,76.7,61.0
1980-01-01,,1321.4,6.3,0.959589922764484,78.0,77.8,67.0
1980-02-01,,1333.2,6.3,,79.0,78.9,66.9
1980-03-01,,1346.8,6.3,,80.1,80.1,56.5
1980-04-01,,1351.4,6.9,,80.9,81.0,52.7
1980-05-01,,1351.0,7.5,,81.7,81.8,51.7
1980-06-01,,1359.2,7.6,,82.5,82.7,58.7
1980-07-01,,1361.7,7.8,,82.6,82.7,62.3
1980-08-01,,1378.5,7.7,,83.2,83.3,67.3
1980-09-01,,1391.7,7.5,,83.9,84.0,73.7
1980-10-01,,1411.9,7.5,,84.7,84.8,75.0
1980-11-01,,1430.8,7.5,,85.6,85.5,76.7
1980-12-01,,1443.5,7.2,,86.4,86.3,64.5
1981-01-01,,1458.3,7.5,0.981415437259678,87.2,87.0,71.4
1981-02-01,,1466.3,7.4,,88.0,87.9,66.9
1981-03-01,,1478.4,7.4,,88.6,88.5,66.5
1981-04-01,,1487.7,7.2,,89.1,89.1,72.4
1981-05-01,,1495.2,7.5,,89.7,89.8,76.3
1981-06-01,,1507.2,7.5,,90.5,90.6,73.1
1981-07-01,,1518.4,7.2,,91.5,91.6,74.1
1981-08-01,,1534.4,7.4,,92.2,92.3,77.2
1981-09-01,,1538.9,7.6,,93.1,93.2,73.1
1981-10-01,,1546.4,7.9,,93.4,93.4,70.3
1981-11-01,,1553.1,8.3,,93.8,93.7,62.5
1981-12-01,,1552.2,8.5,,94.1,94.0,64.3
1982-01-01,,1561.0,8.6,0.9533175661635142,94.4,94.3,71.0
1982-02-01,,1570.2,8.9,,94.7,94.6,66.5
1982-03-01,,1571.4,9.0,,94.7,94.5,62.0
1982-04-01,,1572.2,9.3,,95.0,94.9,65.5
1982-05-01,,1584.8,9.4,,95.9,95.8,67.5
1982-06-01,,1588.2,9.6,,97.0,97.0,65.7
1982-07-01,,1593.7,9.8,,97.5,97.5,65.4
1982-08-01,,1599.1,9.8,,97.7,97.7,65.4
1982-09-01,,1596.5,10.1,,97.7,97.9,69.3
1982-10-01,,1599.0,10.4,,98.1,98.2,73.4
1982-11-01,,1602.1,10.8,,98.0,98.0,72.1
1982-12-01,,1612.0,10.8,,97.7,97.6,71.9
1983-01-01,,1621.8,10.4,0.9143785133751491,97.9,97.8,70.4
1983-02-01,,1617.3,10.4,,98.0,97.9,74.6
1983-03-01,,1628.2,10.3,,98.1,97.9,80.8
1983-04-01,,1640.4,10.2,,98.8,98.6,89.1
1983-05-01,,1655.5,10.1,,99.2,99.2,93.3
1983-06-01,,1668.2,10.1,,99.4,99.5,92.2
1983-07-01,,1683.9,9.4,,99.8,99.9,92.8
1983-08-01,,1686.6,9.5,,100.1,100.2,90.9
1983-09-01,,1703.7,9.2,,100.4,100.7,89.9
1983-10-01,,1732.1,8.8,,100.8,101.0,89.3
1983-11-01,,1738.9,8.5,,101.1,101.2,91.1
1983-12-01,,1753.6,8.3,,101.4,101.3,94.2
1984-01-01,,1771.7,8.0,0.8658173363099609,102.1,101.9,100.1
1984-02-01,,1783.8,7.8,,102.6,102.4,97.4
1984-03-01,,1796.5,7.8,,102.9,102.6,101.0
1984-04-01,,1818.9,7.7,,103.3,103.1,96.1
1984-05-01,,1823.5,7.4,,103.5,103.4,98.1
1984-06-01,,1842.0,7.2,,103.7,103.7,95.5
1984-07-01,,1856.7,7.5,,104.1,104.1,96.6
1984-08-01,,1863.6,7.5,,104.4,104.5,99.1
1984-09-01,,1880.9,7.3,,104.7,105.0,100.9
1984-10-01,,1883.8,7.4,,105.1,105.3,96.3
1984-11-01,,1900.2,7.2,,105.3,105.3,95.7
1984-12-01,,1917.5,7.3,,105.5,105.3,92.9
1985-01-01,,1919.2,7.3,0.8861290408508811,105.7,105.5,96.0
1985-02-01,,1927.9,7.2,,106.3,106.0,93.7
1985-03-01,,1949.3,7.2,,106.8,106.4,93.7
1985-04-01,,1948.7,7.3,,107.0,106.9,94.6
1985-05-01,,1961.7,7.2,,107.2,107.3,91.8
1985-06-01,,1980.4,7.4,,107.5,107.6,96.5
1985-07-01,,1982.3,7.4,,107.7,107.8,94.0
1985-08-01,,1996.8,7.1,,107.9,108.0,92.4
1985-09-01,,2013.1,7.1,,108.1,108.3,92.1
1985-10-01,,2024.4,7.1,,108.5,108.7,88.4
1985-11-01,,2031.6,7.0,,109.0,109.0,90.9
1985-12-01,,2055.1,7.0,,109.5,109.3,93.9
1986-01-01,,2052.8,6.7,0.924164157058979,109.9,109.6,95.6
1986-02-01,,2061.1,7.2,,109.7,109.3,95.9
1986-03-01,,2076.6,7.2,,109.1,108.8,95.1
1986-04-01,,2072.9,7.1,,108.7,108.6,96.2
1986-05-01,,2080.8,7.2,,109.0,108.9,94.8
1986-06-01,,2091.6,7.2,,109.4,109.5,99.3
1986-07-01,,2099.6,7.0,,109.5,109.5,97.7
1986-08-01,,2113.2,6.9,,109.6,109.7,94.9
1986-09-01,,2121.6,7.0,,110.0,110.2,91.9
1986-10-01,,2140.4,7.0,,110.2,110.3,95.6
1986-11-01,,2155.5,6.9,,110.4,110.4,91.4
1986-12-01,,2161.7,6.6,,110.8,110.5,89.1
1987-01-01,,2175.1,6.6,0.8938292010320459,111.4,111.2,90.4
1987-02-01,,2193.4,6.6,,111.8,111.6,90.2
1987-03-01,,2209.5,6.6,,112.2,112.1,90.8
1987-04-01,,2215.2,6.3,,112.7,112.7,92.8
1987-05-01,,2232.9,6.3,,113.0,113.1,91.1
1987-06-01,,2241.6,6.2,,113.5,113.5,91.5
1987-07-01,,2251.0,6.1,,113.8,113.8,93.7
1987-08-01,,2277.9,6.0,,114.3,114.4,94.4
1987-09-01,,2283.5,5.9,,114.7,115.0,93.6
1987-10-01,,2309.0,6.0,,115.0,115.3,89.3
1987-11-01,,2325.5,5.8,,115.4,115.4,83.1
1987-12-01,,2360.7,5.7,,115.6,115.4,86.8
1988-01-01,,2349.4,5.7,0.9079990401676791,116.0,115.7,90.8
1988-02-01,,2367.3,5.7,,116.2,116.0,91.6
1988-03-01,,2381.9,5.7,,116.5,116.5,94.6
1988-04-01,,2407.5,5.4,,117.2,117.1,91.2
1988-05-01,,2419.2,5.6,,117.5,117.5,94.8
1988-06-01,,2437.9,5.4,,118.0,118.0,94.7
1988-07-01,,2456.5,5.4,,118.5,118.5,93.4
1988-08-01,,2457.8,5.6,,119.0,119.0,97.4
1988-09-01,,2474.3,5.4,,119.5,119.8,97.3
1988-10-01,,2505.1,5.4,,119.9,120.2,94.1
1988-11-01,,2502.9,5.3,,120.3,120.3,93.0
1988-12-01,,2517.7,5.3,,120.7,120.5,91.9
1989-01-01,,2536.5,5.4,0.9444055554285291,121.2,121.1,97.9
1989-02-01,,2535.4,5.2,,121.6,121.6,95.4
1989-03-01,,2550.5,5.0,,122.2,122.3,94.3
1989-04-01,,2566.3,5.2,,123.1,123.1,91.5
1989-05-01,,2555.9,5.2,,123.7,123.8,90.7
1989-06-01,,2568.2,5.3,,124.1,124.1,90.6
1989-07-01,,2589.4,5.2,,124.5,124.4,92.0
1989-08-01,,2586.4,5.2,,124.5,124.6,89.6
1989-09-01,,2600.9,5.3,,124.8,125.0,95.8
1989-10-01,,2631.4,5.3,,125.4,125.6,93.9
1989-11-01,,2631.8,5.4,,125.9,125.9,90.9
1989-12-01,,2643.8,5.4,,126.3,126.1,90.5
1990-01-01,,2658.7,5.4,1.12965052045579,127.5,127.4,93.0
1990-02-01,,2687.2,5.3,,128.0,128.0,89.5
1990-03-01,,2707.4,5.2,,128.6,128.7,91.3
1990-04-01,,2731.9,5.4,,128.9,128.9,93.9
1990-05-01,,2732.9,5.4,,129.1,129.2,90.6
1990-06-01,,2751.6,5.2,,129.9,129.9,88.3
1990-07-01,,2769.3,5.5,,130.5,130.4,88.2
1990-08-01,,2760.2,5.7,,131.6,131.6,76.4
1990-09-01,,2778.5,5.9,,132.5,132.7,72.8
1990-10-01,,2763.1,5.9,,133.4,133.5,63.9
1990-11-01,,2766.3,6.2,,133.7,133.8,66.0
1990-12-01,,2787.3,6.3,,134.2,133.8,65.5
1991-01-01,,2771.3,6.4,1.33626074073779,134.7,134.6,66.8
1991-02-01,,2769.7,6.6,,134.8,134.8,70.4
1991-03-01,,2774.2,6.8,,134.8,135.0,87.7
1991-04-01,,2782.6,6.7,,135.1,135.2,81.8
1991-05-01,,2794.0,6.9,,135.6,135.6,78.3
1991-06-01,,2823.8,6.9,,136.0,136.0,82.1
1991-07-01,,2813.2,6.8,,136.2,136.2,82.9
1991-08-01,,2825.2,6.9,,136.6,136.6,82.0
1991-09-01,,2845.8,6.9,,137.0,137.2,83.0
1991-10-01,,2839.5,7.0,,137.2,137.4,78.3
1991-11-01,,2853.0,7.0,,137.8,137.8,69.1
1991-12-01,,2881.3,7.3,,138.2,137.9,68.2
1992-01-01,,2887.5,7.3,1.38688569247935,138.3,138.1,67.5
1992-02-01,,2921.2,7.4,,138.6,138.6,68.8
1992-03-01,,2929.9,7.4,,139.1,139.3,76.0
1992-04-01,,2936.2,7.4,,139.4,139.5,77.2
1992-05-01,,2954.0,7.6,,139.7,139.7,79.2
1992-06-01,,2965.8,7.8,,140.1,140.2,80.4
1992-07-01,,2969.3,7.7,,140.5,140.5,76.6
1992-08-01,,2989.0,7.6,,140.8,140.9,76.1
1992-09-01,,2971.3,7.6,,141.1,141.3,75.6
1992-10-01,,2940.5,7.3,,141.7,141.8,73.3
1992-11-01,,2962.2,7.4,,142.1,142.0,85.3
1992-12-01,,3159.7,7.4,,142.3,141.9,91.0
1993-01-01,,3000.4,7.3,1.31867999977741,142.8,142.6,89.3
1993-02-01,,3029.3,7.1,,143.1,143.1,86.6
1993-03-01,,3018.1,7.0,,143.3,143.6,85.9
1993-04-01,,3063.8,7.1,,143.8,144.0,85.6
1993-05-01,,3074.1,7.1,,144.2,144.2,80.3
1993-06-01,,3061.4,7.0,,144.3,144.4,81.5
1993-07-01,,3084.5,6.9,,144.5,144.4,77.0
1993-08-01,,3104.9,6.8,,144.8,144.8,77.3
1993-09-01,,3091.5,6.7,,145.0,145.1,77.9
1993-10-01,,3076.0,6.8,,145.6,145.7,82.7
1993-11-01,,3081.5,6.6,,146.0,145.8,81.2
1993-12-01,,3266.6,6.5,,146.3,145.8,88.2
1994-01-01,,3142.6,6.6,1.2262960888682,146.3,146.2,94.3
1994-02-01,,3147.9,6.6,,146.7,146.7,93.2
1994-03-01,,3167.7,6.5,,147.1,147.2,91.5
1994-04-01,,3215.7,6.4,,147.2,147.4,92.6
1994-05-01,,3228.2,6.1,,147.5,147.5,92.8
1994-06-01,,3226.0,6.1,,147.9,148.0,91.2
1994-07-01,,3247.4,6.1,,148.4,148.4,89.0
1994-08-01,,3254.6,6.0,,149.0,149.0,91.7
1994-09-01,,3274.2,5.9,,149.3,149.4,91.5
1994-10-01,,3309.0,5.8,,149.4,149.5,92.7
1994-11-01,,3305.1,5.6,,149.8,149.7,91.6
1994-12-01,,3320.8,5.5,,150.1,149.7,95.1
1995-01-01,,3344.0,5.6,1.1907870909020901,150.5,150.3,97.6
1995-02-01,,3358.2,5.4,,150.9,150.9,95.1
1995-03-01,,3372.1,5.4,,151.2,151.4,90.3
1995-04-01,,3390.8,5.8,,151.8,151.9,92.5
1995-05-01,,3387.0,5.6,,152.1,152.2,89.8
1995-06-01,,3407.8,5.6,,152.4,152.5,92.7
1995-07-01,,3426.9,5.7,,152.6,152.5,94.4
1995-08-01,,3436.2,5.7,,152.9,152.9,96.2
1995-09-01,,3453.6,5.6,,153.1,153.2,88.9
1995-10-01,,3470.3,5.5,,153.5,153.7,90.2
1995-11-01,,3481.2,5.6,,153.7,153.6,88.2
1995-12-01,,3488.1,5.6,,153.9,153.5,91.0
1996-01-01,95.9398,3490.8,5.6,1.1634116199818898,154.7,154.4,89.3
1996-02-01,,3531.9,5.5,,155.0,154.9,88.5
1996-03-01,,3550.7,5.5,,155.5,155.7,93.7
1996-04-01,,3563.5,5.6,,156.1,156.3,92.7
1996-05-01,,3585.6,5.6,,156.4,156.6,89.4
1996-06-01,,3620.7,5.3,,156.7,156.7,92.4
1996-07-01,,3622.4,5.5,,157.0,157.0,94.7
1996-08-01,,3646.5,5.1,,157.2,157.3,95.3
1996-09-01,,3672.8,5.2,,157.7,157.8,94.7
1996-10-01,,3678.8,5.2,,158.2,158.3,96.5
1996-11-01,,3703.6,5.4,,158.7,158.6,99.2
1996-12-01,,3730.4,5.4,,159.1,158.6,96.9
1997-01-01,112.508,3746.3,5.3,1.20396029701272,159.4,159.1,97.4
1997-02-01,,3777.9,5.2,,159.7,159.6,99.7
1997-03-01,,3804.9,5.2,,159.8,160.0,100.0
1997-04-01,,3816.5,5.1,,159.9,160.2,101.4
1997-05-01,,3834.9,4.9,,159.9,160.1,103.2
1997-06-01,,3855.5,5.0,,160.2,160.3,104.5
1997-07-01,,3873.4,4.9,,160.4,160.5,107.1
1997-08-01,,3907.8,4.8,,160.8,160.8,104.4
1997-09-01,,3927.7,4.9,,161.2,161.2,106.0
1997-10-01,,3958.9,4.7,,161.5,161.6,105.6
1997-11-01,,4000.5,4.6,,161.7,161.5,107.2
1997-12-01,,4017.8,4.7,,161.8,161.3,102.1
1998-01-01,130.955,4049.8,4.6,1.16571452642589,162.0,161.6,106.6
1998-02-01,,4076.6,4.6,,162.0,161.9,110.4
1998-03-01,,4098.3,4.7,,162.0,162.2,106.5
1998-04-01,,4118.9,4.3,,162.2,162.5,108.7
1998-05-01,,4150.6,4.4,,162.6,162.8,106.5
1998-06-01,,4167.0,4.5,,162.8,163.0,105.6
1998-07-01,,4187.2,4.5,,163.2,163.2,105.2
1998-08-01,,4224.8,4.5,,163.4,163.4,104.4
1998-09-01,,4240.2,4.6,,163.5,163.6,100.9
1998-10-01,,4262.1,4.5,,163.9,164.0,97.4
1998-11-01,,4293.5,4.4,,164.1,164.0,102.7
1998-12-01,,4310.4,4.4,,164.4,163.9,100.5
1999-01-01,144.12,4343.3,4.3,1.14834004729055,164.7,164.3,103.9
1999-02-01,,4374.1,4.4,,164.7,164.5,108.1
1999-03-01,,4379.6,4.2,,164.8,165.0,105.7
1999-04-01,,4394.5,4.3,,165.9,166.2,104.6
1999-05-01,,4413.3,4.2,,166.0,166.2,106.8
1999-06-01,,4421.2,4.3,,166.0,166.2,107.3
1999-07-01,,4448.4,4.3,,166.7,166.7,106.0
1999-08-01,,4474.9,4.2,,167.1,167.1,104.5
1999-09-01,,4495.8,4.2,,167.8,167.9,107.2
1999-10-01,,4535.1,4.1,,168.1,168.2,103.2
1999-11-01,,4576.3,4.1,,168.4,168.3,107.2
1999-12-01,,4639.6,4.0,,168.8,168.3,105.4
2000-01-01,146.656,4725.3,4.0,1.11276899679534,169.3,168.8,112.0
2000-02-01,,4757.1,4.1,,170.0,169.8,111.3
2000-03-01,,4774.4,4.0,,171.0,171.2,107.1
2000-04-01,,4780.0,3.8,,170.9,171.3,109.2
2000-05-01,,4761.8,4.0,,171.2,171.5,110.7
2000-06-01,,4798.2,4.0,,172.2,172.4,106.4
2000-07-01,,4858.3,4.0,,172.7,172.8,108.3
2000-08-01,,4867.8,4.1,,172.7,172.8,107.3
2000-09-01,,4890.7,3.9,,173.6,173.7,106.8
2000-10-01,,4900.5,3.9,,173.9,174.0,105.8
2000-11-01,,4898.9,3.9,,174.2,174.1,107.6
2000-12-01,,4897.3,3.9,,174.6,174.0,98.4
2001-01-01,138.855,4957.4,4.2,0.9897413822236691,175.6,175.1,94.7
2001-02-01,,4985.1,4.2,,176.0,175.8,90.6
2001-03-01,,4997.9,4.3,,176.1,176.2,91.5
2001-04-01,,4972.8,4.4,,176.4,176.9,88.4
2001-05-01,,4958.8,4.3,,177.3,177.7,92.0
2001-06-01,,4955.0,4.5,,177.7,178.0,92.6
2001-07-01,,4944.0,4.6,,177.4,177.5,92.4
2001-08-01,,4935.3,4.9,,177.4,177.5,91.5
2001-09-01,,4931.0,5.0,,178.1,178.3,81.8
2001-10-01,,4931.1,5.3,,177.6,177.7,82.7
2001-11-01,,4939.7,5.5,,177.5,177.4,83.9
2001-12-01,,4945.1,5.7,,177.4,176.7,88.8
2002-01-01,115.334,4938.7,5.7,0.9277974857103141,177.7,177.1,93.0
2002-02-01,,4939.8,5.7,,178.0,177.8,90.7
2002-03-01,,4960.1,5.7,,178.5,178.8,95.7
2002-04-01,,4977.4,5.9,,179.3,179.8,93.0
2002-05-01,,4995.3,5.8,,179.5,179.8,96.9
2002-06-01,,5022.7,5.8,,179.6,179.9,92.4
2002-07-01,,5001.4,5.8,,180.0,180.1,88.1
2002-08-01,,5013.6,5.7,,180.5,180.7,87.6
2002-09-01,,5023.9,5.7,,180.8,181.0,86.1
2002-10-01,,5024.7,5.7,,181.2,181.3,80.6
2002-11-01,,5029.5,5.9,,181.5,181.3,84.2
2002-12-01,,5028.5,6.0,,181.8,180.9,86.7
2003-01-01,111.191,5012.8,5.8,0.8594817128409459,182.6,181.7,82.4
2003-02-01,,5021.7,5.9,,183.6,183.1,79.9
2003-03-01,,5047.8,5.9,,183.9,184.2,77.6
2003-04-01,,5066.1,6.0,,183.2,183.8,86.0
2003-05-01,,5108.9,6.1,,182.9,183.5,92.1
2003-06-01,,5130.4,6.3,,183.1,183.7,89.7
2003-07-01,,5142.7,6.2,,183.7,183.9,90.9
2003-08-01,,5170.0,6.1,,184.5,184.6,89.3
2003-09-01,,5194.7,6.1,,185.1,185.2,87.7
2003-10-01,,5233.5,6.0,,184.9,185.0,89.6
2003-11-01,,5271.5,5.8,,185.0,184.5,93.7
2003-12-01,,5264.5,5.7,,185.5,184.3,92.6
2004-01-01,126.183,5265.6,5.7,0.9254839689434821,186.3,185.2,103.8
2004-02-01,,5268.2,5.6,,186.7,186.2,94.4
2004-03-01,,5291.8,5.8,,187.1,187.4,95.8
2004-04-01,,5331.8,5.6,,187.4,188.0,94.2
2004-05-01,,5396.1,5.6,,188.2,189.1,90.2
2004-06-01,,5416.2,5.6,,188.9,189.7,95.6
2004-07-01,,5465.9,5.5,,189.1,189.4,96.7
2004-08-01,,5498.7,5.4,,189.2,189.5,95.9
2004-09-01,,5515.5,5.4,,189.8,189.9,94.2
2004-10-01,,5532.8,5.5,,190.8,190.9,91.7
2004-11-01,,5527.8,5.4,,191.7,191.0,92.8
2004-12-01,,5548.6,5.4,,191.7,190.3,97.1
2005-01-01,128.954,5563.1,5.3,0.9217131671612071,191.6,190.7,95.5
2005-02-01,,5578.2,5.4,,192.4,191.8,94.1
2005-03-01,,5584.5,5.2,,193.1,193.3,92.6
2005-04-01,,5617.1,5.2,,193.7,194.6,87.7
2005-05-01,,5635.5,5.1,,193.6,194.4,86.9
2005-06-01,,5662.2,5.0,,193.7,194.5,96.0
2005-07-01,,5716.4,5.0,,194.9,195.4,96.5
2005-08-01,,5735.0,4.9,,196.1,196.4,89.1
2005-09-01,,5764.3,5.0,,198.8,198.8,76.9
2005-10-01,,5795.8,5.0,,199.1,199.2,74.2
2005-11-01,,5814.2,5.0,,198.1,197.6,81.6
2005-12-01,,5836.2,4.9,,198.1,196.8,91.5
2006-01-01,133.784,5929.9,4.7,0.9642539171360749,199.3,198.3,91.2
2006-02-01,,5982.0,4.8,,199.4,198.7,86.7
2006-03-01,,6003.8,4.7,,199.7,199.8,88.9
2006-04-01,,6025.7,4.7,,200.7,201.5,87.4
2006-05-01,,5997.0,4.6,,201.3,202.5,79.1
2006-06-01,,6015.5,4.6,,201.8,202.9,84.9
2006-07-01,,6042.2,4.7,,202.9,203.5,84.7
2006-08-01,,6054.3,4.7,,203.8,203.9,82.0
2006-09-01,,6088.8,4.5,,202.8,202.9,85.4
2006-10-01,,6127.2,4.4,,201.9,201.8,93.6
2006-11-01,,6172.1,4.5,,202.0,201.5,92.1
2006-12-01,,6244.9,4.4,,203.1,201.8,91.7
2007-01-01,137.606,6303.7,4.6,0.9510552427724279,203.437,202.416,96.9
2007-02-01,,6352.5,4.5,,204.226,203.49900000000002,91.3
2007-03-01,,6377.4,4.4,,205.28799999999998,205.352,88.4
2007-04-01,,6370.0,4.5,,205.90400000000002,206.68599999999998,87.1
2007-05-01,,6362.6,4.4,,206.755,207.949,88.3
2007-06-01,,6379.0,4.6,,207.234,208.352,85.3
2007-07-01,,6388.4,4.7,,207.60299999999998,208.299,90.4
2007-08-01,,6381.9,4.6,,207.667,207.917,83.4
2007-09-01,,6422.1,4.7,,208.547,208.49,83.4
2007-10-01,,6431.8,4.7,,209.19,208.93599999999998,80.9
2007-11-01,,6475.4,4.7,,210.834,210.17700000000002,76.1
2007-12-01,,6516.5,5.0,,211.445,210.03599999999997,75.5
2008-01-01,109.74,6519.3,5.0,0.945865287282592,212.174,211.08,78.4
2008-02-01,,6537.1,4.9,,212.687,211.69299999999998,70.8
2008-03-01,,6563.1,5.1,,213.44799999999998,213.528,69.5
2008-04-01,,6530.4,5.0,,213.942,214.82299999999998,62.6
2008-05-01,,6532.6,5.4,,215.208,216.632,59.8
2008-06-01,,6534.8,5.6,,217.463,218.815,56.4
2008-07-01,,6531.9,5.8,,219.016,219.96400000000003,61.2
2008-08-01,,6550.5,6.1,,218.69,219.08599999999998,63.0
2008-09-01,,6557.8,6.1,,218.877,218.783,70.3
2008-10-01,,6580.6,6.5,,216.995,216.57299999999998,57.6
2008-11-01,,6538.9,6.8,,213.153,212.425,55.3
2008-12-01,,6434.1,7.3,,211.398,210.22799999999998,60.1
2009-01-01,92.7631,6286.9,7.8,0.8766512988029119,211.933,211.143,61.2
2009-02-01,,6210.7,8.3,,212.705,212.19299999999998,56.3
2009-03-01,,6177.4,8.7,,212.495,212.709,57.3
2009-04-01,,6234.8,9.0,,212.709,213.24,65.1
2009-05-01,,6263.6,9.4,,213.02200000000002,213.856,68.7
2009-06-01,,6263.2,9.5,,214.79,215.69299999999998,70.8
2009-07-01,,6237.9,9.5,,214.726,215.351,66.0
2009-08-01,,6237.8,9.6,,215.445,215.834,65.7
2009-09-01,,6234.9,9.8,,215.861,215.96900000000002,73.5
2009-10-01,,6258.4,10.0,,216.50900000000001,216.17700000000002,70.6
2009-11-01,,6288.8,9.9,,217.234,216.33,67.4
2009-12-01,,6288.7,9.9,,217.347,215.949,72.5
2010-01-01,108.121,6245.7,9.8,0.8278460417043041,217.488,216.687,74.4
2010-02-01,,6210.7,9.8,,217.28099999999998,216.74099999999999,73.6
2010-03-01,,6241.9,9.9,,217.35299999999998,217.63099999999997,73.6
2010-04-01,,6315.1,9.9,,217.403,218.00900000000001,72.2
2010-05-01,,6383.5,9.6,,217.29,218.178,73.6
2010-06-01,,6382.0,9.4,,217.199,217.965,76.0
2010-07-01,,6409.8,9.4,,217.605,218.011,67.8
2010-08-01,,6427.4,9.5,,217.923,218.312,68.9
2010-09-01,,6429.0,9.5,,218.275,218.43900000000002,68.2
2010-10-01,,6458.0,9.4,,219.035,218.71099999999998,67.7
2010-11-01,,6461.3,9.8,,219.59,218.803,71.6
2010-12-01,,6500.6,9.3,,220.472,219.179,74.5
2011-01-01,107.214,6553.1,9.1,0.7200176886656908,221.187,220.22299999999998,74.2
2011-02-01,,6586.5,9.0,,221.898,221.30900000000003,77.5
2011-03-01,,6592.0,9.0,,223.046,223.467,67.5
2011-04-01,,6594.6,9.1,,224.093,224.90599999999998,69.8
2011-05-01,,6598.6,9.0,,224.80599999999998,225.96400000000003,74.3
2011-06-01,,6630.5,9.1,,224.80599999999998,225.722,71.5
2011-07-01,,6695.8,9.0,,225.395,225.922,63.7
2011-08-01,,6680.5,9.0,,226.106,226.545,55.8
2011-09-01,,6668.1,9.0,,226.597,226.889,59.5
2011-10-01,,6629.3,8.8,,226.75,226.421,60.8
2011-11-01,,6604.5,8.6,,227.169,226.23,63.7
2011-12-01,,6677.6,8.5,,227.22299999999998,225.672,69.9
2012-01-01,106.749,6780.5,8.3,0.727268997193117,227.842,226.665,75.0
2012-02-01,,6848.1,8.3,,228.329,227.66299999999998,75.3
2012-03-01,,6878.8,8.2,,228.80700000000002,229.392,76.2
2012-04-01,,6890.3,8.2,,229.187,230.085,76.4
2012-05-01,,6861.2,8.2,,228.713,229.815,79.3
2012-06-01,,6874.3,8.2,,228.524,229.47799999999998,73.2
2012-07-01,,6862.3,8.2,,228.59,229.104,72.3
2012-08-01,,6885.9,8.1,,229.918,230.37900000000002,74.3
2012-09-01,,6967.7,7.8,,231.015,231.407,78.3
2012-10-01,,7002.6,7.8,,231.638,231.317,82.6
2012-11-01,,7091.5,7.7,,231.24900000000002,230.22099999999998,82.7
2012-12-01,,7186.5,7.9,,231.22099999999998,229.601,72.9
2013-01-01,127.992,7050.0,8.0,0.6867731555676341,231.679,230.28,73.8
2013-02-01,,7039.8,7.7,,232.937,232.166,77.6
2013-03-01,,7039.2,7.5,,232.282,232.773,78.6
2013-04-01,,7072.2,7.6,,231.797,232.53099999999998,76.4
2013-05-01,,7107.2,7.5,,231.893,232.945,84.5
2013-06-01,,7126.9,7.5,,232.445,233.50400000000002,84.1
2013-07-01,,7093.0,7.3,,232.9,233.59599999999998,85.1
2013-08-01,,7112.7,7.2,,233.456,233.877,82.1
2013-09-01,,7130.3,7.2,,233.544,234.149,77.5
2013-10-01,,7145.4,7.2,,233.669,233.546,73.2
2013-11-01,,7199.0,6.9,,234.1,233.06900000000002,75.1
2013-12-01,,7242.4,6.7,,234.71900000000002,233.049,82.5
2014-01-01,145.424,7309.1,6.6,0.7275176958171551,235.28799999999998,233.916,81.2
2014-02-01,,7359.8,6.7,,235.547,234.78099999999998,81.6
2014-03-01,,7403.3,6.7,,236.028,236.293,80.0
2014-04-01,,7398.2,6.2,,236.468,237.072,84.1
2014-05-01,,7402.7,6.3,,236.918,237.9,81.9
2014-06-01,,7423.7,6.1,,237.231,238.343,82.5
2014-07-01,,7456.7,6.2,,237.498,238.25,81.8
2014-08-01,,7507.1,6.1,,237.46,237.852,82.5
2014-09-01,,7542.1,5.9,,237.477,238.03099999999998,84.6
2014-10-01,,7583.4,5.7,,237.43,237.433,86.9
2014-11-01,,7639.2,5.8,,236.983,236.15099999999998,88.8
2014-12-01,,7677.3,5.6,,236.252,234.812,93.6
2015-01-01,141.876,7717.9,5.7,0.730641178178307,234.747,233.707,98.1
2015-02-01,,7752.2,5.5,,235.342,234.722,95.4
2015-03-01,,7768.5,5.4,,235.976,236.11900000000003,93.0
2015-04-01,,7796.3,5.4,,236.222,236.59900000000002,95.9
2015-05-01,,7840.7,5.6,,237.00099999999998,237.805,90.7
2015-06-01,,7855.4,5.3,,237.657,238.638,96.1
2015-07-01,,7884.0,5.2,,238.03400000000002,238.65400000000002,93.1
2015-08-01,,7908.5,5.1,,238.033,238.31599999999997,91.9
2015-09-01,,7916.4,5.0,,237.498,237.945,87.2
2015-10-01,,7946.6,5.0,,237.733,237.838,90.0
2015-11-01,,7953.5,5.1,,238.017,237.33599999999998,91.3
2015-12-01,,7973.8,5.0,,237.761,236.525,92.6
2016-01-01,140.661,7991.0,4.8,0.716669413429853,237.65200000000002,236.916,92.0
2016-02-01,,7983.2,4.9,,237.33599999999998,237.111,91.7
2016-03-01,,8000.6,5.0,,238.08,238.132,91.0
2016-04-01,,8024.7,5.1,,238.99200000000002,239.261,89.0
2016-05-01,,8028.7,4.8,,239.55700000000002,240.229,94.7
2016-06-01,,8058.4,4.9,,240.222,241.018,93.5
2016-07-01,,8100.8,4.8,,240.101,240.628,90.0
2016-08-01,,8103.3,4.9,,240.545,240.84900000000002,89.8
2016-09-01,,8146.2,5.0,,241.176,241.428,91.2
2016-10-01,,8185.1,4.9,,241.74099999999999,241.729,87.2
2016-11-01,,8206.0,4.7,,242.02599999999998,241.35299999999998,93.8
2016-12-01,,8241.6,4.7,,242.637,241.43200000000002,98.2
2017-01-01,153.211,8284.1,4.7,0.6310078932307579,243.62,242.83900000000003,98.5
2017-02-01,,8316.1,4.6,,243.872,243.60299999999998,96.3
2017-03-01,,8326.3,4.4,,243.766,243.801,96.9
2017-04-01,,8370.0,4.5,,244.274,244.524,97.0
2017-05-01,,8394.0,4.4,,244.06900000000002,244.733,97.1
2017-06-01,,8435.6,4.3,,244.218,244.955,95.0
2017-07-01,,8476.9,4.3,,244.28,244.78599999999997,93.4
2017-08-01,,8506.3,4.4,,245.205,245.519,96.8
2017-09-01,,8562.8,4.2,,246.551,246.81900000000002,95.1
2017-10-01,,8610.6,4.1,,246.657,246.66299999999998,100.7
2017-11-01,,8669.6,4.2,,247.378,246.669,98.5
2017-12-01,,8705.3,4.1,,247.736,246.524,95.9
2018-01-01,,8743.9,4.0,0.5223373578996761,248.72099999999998,247.86700000000002,95.7
2018-02-01,,8753.1,4.1,,249.3,248.99099999999999,99.7
2018-03-01,,8772.1,4.0,,249.517,249.554,101.4
2018-04-01,,8804.6,4.0,,250.275,250.546,98.8
2018-05-01,,8829.9,3.8,,250.78599999999997,251.588,98.0
2018-06-01,,8874.4,4.0,,251.15200000000002,251.989,98.2
2018-07-01,,8928.2,3.8,,251.345,252.00599999999997,97.9
2018-08-01,,8976.0,3.8,,251.735,252.146,96.2
2018-09-01,,8985.4,3.7,,252.183,252.43900000000002,100.1
2018-10-01,,8984.9,3.8,,252.899,252.885,98.6
2018-11-01,,9005.8,3.8,,252.822,252.03799999999998,97.5
2018-12-01,,9072.1,3.9,,252.493,251.233,98.3
2019-01-01,,9169.4,4.0,0.47395353937329204,252.44099999999997,251.71200000000002,91.2
2019-02-01,,9228.0,3.8,,252.96900000000002,252.77599999999998,93.8
2019-03-01,,9288.5,3.8,,254.14700000000002,254.202,98.4
2019-04-01,,9277.7,3.7,,255.326,255.548,97.2
2019-05-01,,9264.6,3.7,,255.37099999999998,256.092,100.0
2019-06-01,,9282.3,3.6,,255.423,256.143,98.2
2019-07-01,,9280.2,3.6,,255.925,256.57099999999997,98.4
2019-08-01,,9323.8,3.7,,256.118,256.558,89.8
2019-09-01,,9329.9,3.5,,256.532,256.759,93.2
2019-10-01,,9379.1,3.6,,257.387,257.346,95.5
2019-11-01,,9431.8,3.6,,257.98900000000003,257.20799999999997,96.8
2019-12-01,,9456.5,3.6,,258.203,256.974,99.3
2020-01-01,,9560.8,3.5,,258.687,257.971,99.8
2020-02-01,,9659.3,3.5,,258.824,258.678,101.0
2020-03-01,,9358.1,4.4,,257.98900000000003,258.115,89.1
2020-04-01,,8661.9,14.8,,256.192,256.389,71.8
2020-05-01,,8925.4,13.3,,255.942,256.394,72.3
2020-06-01,,9139.1,11.1,,257.282,257.797,78.1
2020-07-01,,9246.2,10.2,,258.60400000000004,259.101,72.5
2020-08-01,,9354.8,8.4,,259.51099999999997,259.918,74.1
2020-09-01,,9428.9,7.8,,260.149,260.28,80.4
2020-10-01,,9500.0,6.9,,260.462,260.388,81.8
2020-11-01,,9546.9,6.7,,260.927,260.22900000000004,76.9
2020-12-01,,9591.2,6.7,,261.56,260.474,80.7
2021-01-01,,9666.6,6.3,,262.231,261.582,79.0
2021-02-01,,9668.9,6.2,,263.161,263.014,76.8
2021-03-01,,9771.1,6.0,,264.793,264.877,84.9
2021-04-01,,,6.1,,266.832,267.05400000000003,
